{"cameraMode":{"drawMode":0,"name":"Shaded","section":"Shading Mode"},"sceneLighting":false,"audioPlay":false,"sceneViewState":{"m_AlwaysRefresh":false,"showFog":true,"showSkybox":false,"showFlares":true,"showImageEffects":true,"showParticleSystems":true,"showVisualEffectGraphs":true,"m_FxEnabled":true},"in2DMode":false,"pivot":{"x":-0.132120281457901,"y":1.8596816062927247,"z":-1.9587137699127198},"rotation":{"x":-0.2881390154361725,"y":-0.05683569237589836,"z":0.017165280878543855,"w":-0.9557763338088989},"size":1.3374520540237427,"orthographic":false}